{
  "blur_thresh": 5.9114857066682625,
  "n": 2760,
  "blur_min": 2.8812897063915166,
  "blur_p10": 5.9114857066682625,
  "blur_median": 8.51845541038634,
  "blur_max": 27.259443865203465,
  "quantile": 0.1
}